{
  "n_journaled": 1143,
  "equity": 119980.81097560388,
  "last_bar": "2026-07-10 08:00:00+00:00",
  "target_weights": {
    "BTC": -0.080756,
    "ETH": 0.0389,
    "SOL": 0.180847,
    "HYPE": -0.123104
  },
  "live_qty": {
    "BTC": -0.15051348867239878,
    "ETH": 2.5987803306073647,
    "SOL": 273.48335924508484,
    "HYPE": -214.70378896603924
  },
  "mode": "paper",
  "okx_equity": null,
  "last_signal_weights": {
    "BTC": -0.080756,
    "ETH": 0.0389,
    "SOL": 0.180847,
    "HYPE": -0.123104
  }
}