{
  "n_journaled": 1144,
  "equity": 120155.42511380886,
  "last_bar": "2026-07-10 12:00:00+00:00",
  "target_weights": {
    "BTC": -0.096565,
    "ETH": 0.047513,
    "SOL": 0.181504,
    "HYPE": -0.121625
  },
  "live_qty": {
    "BTC": -0.18002359330280324,
    "ETH": 3.1665870048491573,
    "SOL": 276.3041971348887,
    "HYPE": -213.77232350526612
  },
  "mode": "paper",
  "okx_equity": null,
  "last_signal_weights": {
    "BTC": -0.096565,
    "ETH": 0.047513,
    "SOL": 0.181504,
    "HYPE": -0.121625
  }
}