{
  "n_journaled": 1143,
  "equity": 120004.45265886319,
  "last_bar": "2026-07-10 08:00:00+00:00",
  "target_weights": {
    "BTC": -0.080531,
    "ETH": 0.024455,
    "SOL": 0.18723,
    "HYPE": -0.119086
  },
  "live_qty": {
    "BTC": -0.15050714104277851,
    "ETH": 1.6456895981946085,
    "SOL": 283.8356956962981,
    "HYPE": -208.26374982633646
  },
  "mode": "paper"
}