{
  "n_journaled": 1147,
  "equity": 120149.76675674142,
  "last_bar": "2026-07-11 00:00:00+00:00",
  "target_weights": {
    "BTC": -0.138265,
    "ETH": 0.113318,
    "SOL": 0.155142,
    "HYPE": -0.125411
  },
  "live_qty": {
    "BTC": -0.2590389950090027,
    "ETH": 7.585918836933805,
    "SOL": 239.8079906622202,
    "HYPE": -223.98772741600808
  },
  "mode": "paper",
  "okx_equity": null,
  "last_signal_weights": {
    "BTC": -0.138265,
    "ETH": 0.113318,
    "SOL": 0.155142,
    "HYPE": -0.125411
  }
}