{
  "n_journaled": 1146,
  "equity": 120245.78978818009,
  "last_bar": "2026-07-10 20:00:00+00:00",
  "target_weights": {
    "BTC": -0.114557,
    "ETH": 0.091898,
    "SOL": 0.162539,
    "HYPE": -0.129034
  },
  "live_qty": {
    "BTC": -0.21586235172900764,
    "ETH": 6.1761388273832845,
    "SOL": 251.50727610836447,
    "HYPE": -231.75890600956012
  },
  "mode": "paper",
  "okx_equity": null,
  "last_signal_weights": {
    "BTC": -0.114557,
    "ETH": 0.091898,
    "SOL": 0.162539,
    "HYPE": -0.129034
  }
}