{
  "n_journaled": 1145,
  "equity": 120122.56995033921,
  "last_bar": "2026-07-10 16:00:00+00:00",
  "target_weights": {
    "BTC": -0.120657,
    "ETH": 0.068562,
    "SOL": 0.176701,
    "HYPE": -0.122108
  },
  "live_qty": {
    "BTC": -0.2260313732607128,
    "ETH": 4.583744895469684,
    "SOL": 271.74213586986156,
    "HYPE": -216.16893287788514
  },
  "mode": "paper",
  "okx_equity": null,
  "last_signal_weights": {
    "BTC": -0.120657,
    "ETH": 0.068562,
    "SOL": 0.176701,
    "HYPE": -0.122108
  }
}