{
  "n_journaled": 1146,
  "equity": 144065.6787487611,
  "okx_equity": null,
  "last_bar": "2026-07-10 20:00:00+00:00",
  "target_weights": {
    "BTC": -0.229114,
    "ETH": 0.183796,
    "SOL": 0.325079,
    "HYPE": -0.258068
  },
  "last_signal_weights": {
    "BTC": -0.229114,
    "ETH": 0.183796,
    "SOL": 0.325079,
    "HYPE": -0.258068
  },
  "live_qty": {
    "BTC": -0.517246487763519,
    "ETH": 14.79918147289699,
    "SOL": 602.6602339720565,
    "HYPE": -555.3375990819036
  },
  "mode": "paper"
}