{
  "n_journaled": 1145,
  "equity": 143767.49191386416,
  "okx_equity": null,
  "last_bar": "2026-07-10 16:00:00+00:00",
  "target_weights": {
    "BTC": -0.241314,
    "ETH": 0.137124,
    "SOL": 0.353402,
    "HYPE": -0.244217
  },
  "last_signal_weights": {
    "BTC": -0.241314,
    "ETH": 0.137124,
    "SOL": 0.353402,
    "HYPE": -0.244217
  },
  "live_qty": {
    "BTC": -0.5410467598382809,
    "ETH": 10.9720181222745,
    "SOL": 650.4636944993396,
    "HYPE": -517.4413530923478
  },
  "mode": "paper"
}