{
  "n_journaled": 1144,
  "equity": 143841.56877823675,
  "okx_equity": null,
  "last_bar": "2026-07-10 12:00:00+00:00",
  "target_weights": {
    "BTC": -0.19313,
    "ETH": 0.095027,
    "SOL": 0.363009,
    "HYPE": -0.243251
  },
  "last_signal_weights": {
    "BTC": -0.19313,
    "ETH": 0.095027,
    "SOL": 0.363009,
    "HYPE": -0.243251
  },
  "live_qty": {
    "BTC": -0.43102300296875273,
    "ETH": 7.581707364529613,
    "SOL": 661.545471184834,
    "HYPE": -511.828288330869
  },
  "mode": "paper"
}