{
  "n_journaled": 1147,
  "equity": 143834.98641348167,
  "okx_equity": null,
  "last_bar": "2026-07-11 00:00:00+00:00",
  "target_weights": {
    "BTC": -0.27653,
    "ETH": 0.226635,
    "SOL": 0.310284,
    "HYPE": -0.250821
  },
  "last_signal_weights": {
    "BTC": -0.27653,
    "ETH": 0.226635,
    "SOL": 0.310284,
    "HYPE": -0.250821
  },
  "live_qty": {
    "BTC": -0.6202071187223726,
    "ETH": 18.162594033741787,
    "SOL": 574.1630634802617,
    "HYPE": -536.2830765729559
  },
  "mode": "paper"
}